<?xml version="1.0" encoding="UTF-8"?>
<project-private xmlns="http://www.netbeans.org/ns/project-private/1">
    <editor-bookmarks xmlns="http://www.netbeans.org/ns/editor-bookmarks/2" lastBookmarkId="0"/>
    <open-files xmlns="http://www.netbeans.org/ns/projectui-open-files/2">
        <group>
            <file>file:/D:/cs/db%20project/ArtGallery/src/artgallery/Art.java</file>
            <file>file:/D:/cs/db%20project/ArtGallery/src/artgallery/LoginPage.java</file>
            <file>file:/D:/cs/db%20project/ArtGallery/src/artgallery/SignUp.java</file>
            <file>file:/D:/cs/db%20project/ArtGallery/src/artgallery/Product.java</file>
            <file>file:/D:/cs/db%20project/ArtGallery/src/artgallery/ArtGallery.java</file>
            <file>file:/D:/cs/db%20project/ArtGallery/src/artgallery/OrderPlace.java</file>
        </group>
    </open-files>
</project-private>
